<?xml version="1.0" encoding="UTF-8"?>
<project-private xmlns="http://www.netbeans.org/ns/project-private/1">
    <editor-bookmarks xmlns="http://www.netbeans.org/ns/editor-bookmarks/2" lastBookmarkId="0"/>
    <open-files xmlns="http://www.netbeans.org/ns/projectui-open-files/2">
        <group>
            <file>file:/C:/Users/Home/OneDrive/Documentos/NetBeansProjects/Cafeteria/src/cafeteria/Produto.java</file>
            <file>file:/C:/Users/Home/OneDrive/Documentos/NetBeansProjects/Cafeteria/src/cafeteria/Estoque.java</file>
            <file>file:/C:/Users/Home/OneDrive/Documentos/NetBeansProjects/Cafeteria/src/cafeteria/Veiculo.java</file>
            <file>file:/C:/Users/Home/OneDrive/Documentos/NetBeansProjects/Cafeteria/src/cafeteria/Cafeteria.java</file>
            <file>file:/C:/Users/Home/OneDrive/Documentos/NetBeansProjects/Cafeteria/src/cafeteria/Funcionario.java</file>
            <file>file:/C:/Users/Home/OneDrive/Documentos/NetBeansProjects/Cafeteria/src/cafeteria/Pessoa.java</file>
            <file>file:/C:/Users/Home/OneDrive/Documentos/NetBeansProjects/Cafeteria/src/cafeteria/Gerente.java</file>
            <file>file:/C:/Users/Home/OneDrive/Documentos/NetBeansProjects/Cafeteria/src/cafeteria/Cliente.java</file>
        </group>
    </open-files>
</project-private>
